[
  {"lat": 19.430955, "lng": -99.200559, "title": "People for Bikes Polanco"},
  {"lat": 19.433398, "lng": -99.189862, "title": "Giant México Polanco"},
  {"lat": 19.432952, "lng": -99.182480, "title": "Transvisión Bike"},
  {"lat": 19.412418, "lng": -99.189960, "title": "Taller de bicicletas Don Mike"},
  {"lat": 19.433019, "lng": -99.208328, "title": "Harden Hub"},
  {"lat": 19.418206, "lng": -99.215280, "title": "Taller de bicicletas"},
  {"lat": 19.429254, "lng": -99.190002, "title": "Hippixi Bikes"},
  {"lat": 19.432410, "lng": -99.171977, "title": "Bruno Bicicletas"},
  {"lat": 19.429456, "lng": -99.189959, "title": "Double's Os"}
]